order_index,filename
1,A0201-EMKKKLKAL.png
2,A0201-LLKARLVPA.png
3,A0201-SLLKTVKAV.png
4,A0201-KLARSLKTY.png
5,HBV_VLHKRTLGL.png
6,HHV4_SVRDRLARL.png
7,A0201-KLLEKSRKV.png
8,HPV18_NLLIRCLRC.png
9,HHV1_TLRGLFFSV.png
10,MeV_KLWCRHFCV.png
11,HHV1_ALMLRLLRI.png
12,A0201-MAQKRIHAL.png
13,HPV6_KVLIRCYLC.png
14,A0201-MAARIIAKL.png
15,A0201-SIKKLITSM.png
16,HBV_GLPRYVARL.png
17,A0201-HIKHRVQEL.png
18,HBV_HLSLRGLFV.png
19,HRV_NLIYRNLHL.png
20,A0201-YIKVRPAEL.png
21,HIF1A_HUMAN_ELNPKILAL.png
22,A0201-AAEKGVRTL.png
23,BKV_LLLIWFRPV.png
24,HHV1_NLLTTPKFT.png
25,A0201-QQAPPVRNL.png
26,GP1BB_HUMAN_LLAPPSRPA.png
27,A0201-GIISRLMSV.png
28,A0201-AMQSRLATL.png
29,A0201-FALTRGSSL.png
30,HBV_FLLTRILTI.png
31,HBV_VLCLRPVGA.png
32,A0201-TMAQKTQAV.png
33,SARS-CoV-2_KQIYKTPPI.png
34,H2A1_HUMAN_VLLPKKTES.png
35,A0201-ELLKRLIAL.png
36,A0201-NPASKVIAL.png
37,A0201-TGLQKVQSL.png
38,A0201-YVFSKTYNV.png
39,A0201-DLKAKSASI.png
40,BPIFA1_HUMAN_GLLGKVTSV.png
41,A0201-DLKGHLASL.png
42,A0201-ETLPKIPYV.png
43,IAV_AIMEKNIVL.png
44,A0201-TLLDKLVNM.png
45,A0201-SIIDKLVNI.png
46,IAV_AIMDKNIIL.png
47,COPG_HUMAN_AIVDKVPSV.png
48,HTNV_ILQDMRNTI.png
49,A0201-KISESLRTV.png
50,HHV4_FLGERVTLT.png
51,A0201-AITEKLERV.png
52,EV-B_EVKEKHEFL.png
53,HIV-1_ILKEPVHGV.png
54,SARS-CoV-2_LLALHRSYL.png
55,VACV_SLSAYIIRV.png
56,A0201-MQPTHPIRL.png
57,A0201-RQIQLAQKL.png
58,A0201-STSNTVSKL.png
59,HHV4_TLDYKPLSV.png
60,A0201-FIMGKTIEF.png
61,HBV_FLLTKILTI.png
62,SARS-CoV-2_YLQPRTFLL.png
63,MED23_HUMAN_QLWALTFKL.png
64,A0201-SVLGRIWKL.png
65,ACTA_ALAPSTMKI.png
66,HANTV_FVVPILLKA.png
67,HHV6B_ILYGPLTRI.png
68,HHV5_QMWQARLTV.png
69,INSR_HUMAN_AIFVKTLVT.png
70,DENV2_KLAEAIFKL.png
71,A0201-DTFVHIWKL.png
72,A0201-RVMEYINRL.png
73,HCV_VLSDFKTWL.png
74,HPV6_TLKDIVLDL.png
75,VACV_SLKDVLVSV.png
76,A0201-HLDATKLLL.png
77,A0201-KSDPSIVRL.png
78,MuV_LLDSSTTRV.png
79,A0201-FAVEYFTRL.png
80,VACV_SLSNLDFRL.png
81,HHV5_GVLDAVWRV.png
82,RPL19_HUMAN_ILMEHIHKL.png
83,A0201-QMSEIEAKV.png
84,HHV1_GIFEDRAPV.png
85,VACV_TLLDHIRTA.png
86,A0201-ALLDQTKTL.png
87,A0201-AMLDLLKSV.png
88,A0201-GLQDKLAQI.png
89,A0201-LLQDRLVSV.png
90,IAV_AIMDKNIML.png
91,XPO1_HUMAN_VLIDYQRNV.png
92,A0201-AEGDLVRLL.png
93,NOP56_HUMAN_VIAEILRGV.png
94,A0201-VLYEKDIQL.png
95,VACV_ALDEKLFLI.png
96,A0201-DDFERISEL.png
97,A0201-RELETVREL.png
98,H4_HUMAN_FLENVIRDA.png
99,A0201-AIIWFLYKK.png
100,A0201-LLMVLSPRL.png
101,A0201-GLFAPVHKV.png
102,HHV4_LLWAARPRL.png
103,HRVA_LLNYILKSV.png
104,RSV_ILNNPKASL.png
105,FKBP3_HUMAN_KLLGNIKNV.png
106,A0201-ALGEFIKAL.png
107,A0201-YTLINHRVL.png
108,HTLV-1_LLFGYPRYV.png
109,SARS-CoV-2_YTNSFTRGV.png
110,HHV6B_GILDFGVKL.png
111,B4GA1_HUMAN_EVFDKLARV.png
112,PLEKHG3_HUMAN_FLFDKTLLI.png
113,A0201-WMLEQLRQV.png
114,STAT1_HUMAN_VLWDRTFSL.png
115,HIV-1_SLYNTVAAL.png
116,HIV-1_SVYNTVATL.png
117,HIV-1_SLYQTVATL.png
118,HIV-1_SLFNTIAVL.png
119,HIV-1_SLYLTVATL.png
120,HIV-1_SLYNSVATL.png
121,HIV-1_SLYNTAATL.png
122,HIV-1_SLYNTIATL.png
123,HIV-1_SLYNTVATL.png
124,HIV-1_SLYNTVAVL.png
125,HIV-1_SLFNTIATL.png
126,JCV_SLMNVHSNG.png
127,HIV-1_SLFNTVATL.png
128,HIV-1_SLYNTIAVL.png
129,A0201-FAVLPNSSL.png
130,HBV_WLSLLVPFV.png
131,A0201-AVDQARVFL.png
132,HEV_LLWNTVWNM.png
133,YFV_LLWNGPMAV.png
134,YFV_LLWNGPMQV.png
135,A0201-TLMNHQNQL.png
136,BGLR_HUMAN_GLVNYQISV.png
137,A0201-QRFEGTTSL.png
138,A0201-VRYEGSYAL.png
139,A0201-KIYEGAYHV.png
140,A0201-VIQEHQPSV.png
141,HBV_ELMTLATWV.png
142,HPV-10_DLLLGTLNI.png
143,HHV5_RQYDPVAAL.png
144,MCPyV_KLLEIAPNC.png
145,A0201-GMIDLIAAV.png
146,IAV_GILEFVFTL.png
147,RVF_VLSEWLPVT.png
148,VACV_CLTEYILWV.png
149,A0201-KQFEGSTSF.png
150,A0201-AVAEQIPLL.png
151,A0201-KLLEVQPQV.png
152,A0201-GMVDSITQA.png
153,A0201-HLNEHLYNM.png
154,A0201-NVNEIFYDL.png
155,HHV1_ILIEGIFFA.png
156,VACV_IVIEAIHTV.png
157,A0201-TLAESALQL.png
158,HHV3_ILIEGIFFV.png
159,UBE4A_HUMAN_ALTEYTLYL.png
160,A0201-VLQELNVTV.png
161,HHV4_LLIEGIFFI.png
162,HHV1_RLNELLAYV.png
163,VACV_RVYEALYYV.png
164,A0201-YLEFKPLLL.png
165,AP3M2_HUMAN_SLGRFEITV.png
166,HRVA_VLEKGIPTL.png
167,A0201-ILPVPAFNV.png
168,HHV1_SLPITVYYA.png
169,SuHV-1_IAGIGILAI.png
170,IAV_NMLSTVLGV.png
171,A0201-ILQPIHNLL.png
172,TRPS1_HUMAN_ALLLLHLSP.png
173,HPV16_KLPQLCTEL.png
174,HPV16_KLPQLCTEV.png
175,HHV1_FIPQYLSAV.png
176,IAV_MTIIFLILM.png
177,A0201-MPNENIPEL.png
178,HPV18_TLQDVSLEV.png
179,HCV_LYPSLIFDI.png
180,TMM9B_HUMAN_LLLAQLSDA.png
181,GPIX_HUMAN_FLLWATAEA.png
182,HAdVC_TLLYVLFEV.png
183,A0201-SLLHTIYEV.png
184,A0201-SLMHTIYEV.png
185,HHV8_AMLVLLAEI.png
186,UBA6_HUMAN_ALLNILSEV.png
187,A0201-GLAGAVSEL.png
188,A0201-LLLTSTPEA.png
189,SCND1_HUMAN_QLLAILPEA.png
190,A0201-DTSAVLAEI.png
191,MAP1B_HUMAN_EVAPVSPEV.png
192,HHV1_VLLNAPSEA.png
193,HHV5_TLIVNLVEV.png
194,A0201-ALASHLIEA.png
195,A0201-SLASQPTEL.png
196,SARS-CoV-2_RVVVLSFEL.png
197,DOCK1_HUMAN_FLDQANFEL.png
198,AAV2_LIDQYLYYL.png
199,A0201-ISEQTLLEL.png
200,A0201-LLDHVLLTL.png
201,YFV_FLDPASIAA.png
202,HPV9_TLHEYMLDL.png
203,VACV_GLNDYLHSV.png
204,A0201-SEAPFLHYL.png
205,RPN1_HUMAN_VLMLQEPLL.png
206,IBV_GLDNHTILL.png
207,A0201-IFDGNVAHI.png
208,RVF_ILDAHSLYL.png
209,HCV_YIVRWEWVV.png
210,HHV4_FLDKGTYTL.png
211,IBV_SQFGQEHRL.png
212,HPV6_PLTQHYQIL.png
213,YFV_GMVAPLYGV.png
214,A0201-NVTSIMFLV.png
215,PHLP2_HUMAN_ILLSGIYNV.png
216,SARS-CoV-2_VTWFHAIHV.png
217,YFV_LLWNGPIAV.png
218,YFV_LLWNGPMHV.png
219,HHV6B_MLWYTVYNI.png
220,HHV1_YLANGGFLI.png
221,BKPyV_FLHCIVFNV.png
222,HHV4_YLQQNWWTL.png
223,HBV_GLLGFAAPF.png
224,HHV1_RLTGYPAGI.png
225,A0201-FALQHFTRL.png
226,A0201-LLDQTKTLA.png
227,HKU1_KLWQYCSVL.png
228,BKPyV_VKNPYPISF.png
229,HHV4_FMVFLQTHI.png
230,SARS-CoV-2_FLHVTYVPA.png
231,DENV2_NIQTAINQV.png
232,SARS-CoV-2_FVFLVLLPL.png
233,HHV4_LLWTLVVLL.png
234,HHV4_SLVIVTTFV.png
235,HHV4_LMIIPLINV.png
236,HHV5_MLNIPSINV.png
237,IAV_YINTALLNA.png
238,HHV4_RFIAQLLLL.png
239,HPV6_LLLGTLNIV.png
240,VACV_YIYGIPLSL.png
241,HHV6B_LLCGNLLIL.png
242,A0201-YAFAHILTV.png
243,HHV4_FLYALALLL.png
244,HHV1_FLGAGALAV.png
245,A0201-KLNPGIAYV.png
246,HBA1_HUMAN_FLASVSTVL.png
247,HIV-1_KLTPLCVTL.png
248,SEPTIN6_HUMAN_FIAPTGHSL.png
249,A0201-LMYPYIFHV.png
250,SARS-CoV-2_SIIAYTMSL.png
251,HAdV-A_ILHTNMPNV.png
252,HBV_IVSPFIPLL.png
253,GSN_YLSSHIANV.png
254,A0201-RLAPFVYLL.png
255,PTLV_QLGAFLTNV.png
256,HBV_HLYSHPIIL.png
257,TVB61_HUMAN_LLWASPVNA.png
258,A0201-SMMALLVQL.png
259,YFV_GLYGNGILV.png
260,B19V_GLCPHCINV.png
261,HHV1_SQLAHLVYV.png
262,HPV18_FQQLFLNTL.png
263,HPV_YIIFVYIPL.png
264,YFV_VMLFILAGL.png
265,HHV1_ALHTALATV.png
266,HIV-1_SLFNTVAVL.png
267,HHV8_LLNGWRWRL.png
268,WNV_SLFGQRIEV.png
269,A0201-KLLGGQTSY.png
270,IAV_GILGFVTTL.png
271,HCV_CINGVWCTV.png
272,HHV1_ALLGLTLGV.png
273,A0201-GRIGYIYAL.png
274,HBV_RVTGGVFLV.png
275,IAV_GIWGFVFTL.png
276,IAV_CVNGSCFTV.png
277,IAV_GILGLVFTL.png
278,ORML2_HUMAN_ILVGLLHMV.png
279,FUCO2_HUMAN_LLPPPPCPA.png
280,HBV_FLLSLGIHL.png
281,ACE_HUMAN_LLPPQPALA.png
282,HHV4_SLGGLLTMV.png
283,HHV5_LQTGIHVRV.png
284,SARS-CoV-2_SLSSTASAL.png
285,A0201-SAVPPGTSL.png
286,HCV_LLCPAGHAV.png
287,A0201-NADGKIISL.png
288,A0201-RIAGLAVSL.png
289,A0201-SVAGINYGL.png
290,HHV8_PESSQRPPL.png
291,VACV_FLTSVINRV.png
292,HHV1_FLGGHVAVA.png
293,HHV1_FLIAYQPLL.png
294,A0201-FAMPYFIQV.png
295,HBV_ILSPFLPLL.png
296,HHV5_NLVPMVATV.png
297,HHV5_VLGPISGHV.png
298,HHV5_TMYGGISLL.png
299,HPV-a9_GTLGIVCPI.png
300,HRVA_TLLANVTAV.png
301,HHV4_CLGGLLTMV.png
302,HHV4_TVCGGIMFL.png
303,HCV_ILAGYGAGV.png
304,DENV1_VLNPYMPSV.png
305,HCV_DLMGYIPAV.png
306,HHV8_ALISAFSGS.png
307,HIV-1_SLYNTVSTL.png
308,HIV-1_SLYNTVVTL.png
309,A0201-QLWNNYFHL.png
310,HCV_SLMAFTAAV.png
311,HHV4_GLCTLVAML.png
312,HCV_DLMGYIPLV.png
313,YFV_VLAGWLFHV.png
314,HTLV2_LLYGYPVYV.png
315,HTLV-1_LLFGFPVYV.png
316,PTLV1_LLFGYPVYV.png
317,A0201-DTAPILILI.png
318,A0201-DVTGTIAQV.png
319,A0201-VAISSSTTL.png
320,A0201-TLNSAAVTV.png
321,HHV1_ALMGAVTSL.png
322,CRIS3_HUMAN_ALLTTQTQV.png
323,LARP1_HUMAN_ALPPVLTTV.png
324,HCV_CINGVCWTA.png
325,HCV_CINGVCWSV.png
326,HCV_CINGVCWTV.png
327,HCV_CVNGVCWTV.png
328,HPV16_LLMGTLGIV.png
329,HBV_GLSPTVWLS.png
330,HCV_CISGVCWTV.png
331,HRVA_QMVSSVTFI.png
332,A0201-ALIAASQSF.png
333,RVC_NTSAGFPYV.png
334,IAV_GILGFVFTL.png
335,HHV5_LMNGQQIFL.png
336,SARS-CoV-2_GINASVVNI.png
337,HEV_SLFWNEPAI.png
338,A0201-DLLRPDVVL.png
339,A0201-ETIRLEATL.png
340,A0201-GQYFGELAL.png
341,DDX1_HUMAN_WLLPTDIQA.png
342,HHV5_ALFFFDIDL.png
343,SARS-CoV-2_RLDKVEAEV.png
344,A0201-RLNEKNYEL.png
345,A0201-VLFTGVKEV.png
346,A0201-ALAQAIREA.png
347,A0201-QQRQLIAEL.png
348,HHV1_FLTCTDRSV.png
349,HHV1_TMYYKDVTV.png
350,A0201-SLMKDFPGA.png
351,HHV1_MMLRDRWSL.png
352,A0201-VLIKWFPEV.png
353,SYNPO2_HUMAN_FLAPVKTEV.png
354,A0201-EMKKMISEV.png
355,A0201-RLISASLFL.png
356,HHV8_RLAAGSPSS.png
357,A0201-RLASTLVHL.png
358,SARS-CoV-2_RLQSLQTYV.png
359,HBV_GLSRYVARL.png
360,RGS5_HUMAN_GLASFKSFL.png
361,A0201-KLLQNNYGL.png
362,PYGM_HUMAN_YMGRTLQNT.png
363,A0201-ALFPERITV.png
364,VJC_ILMWEAVTL.png
365,A0201-KLYQEIISY.png
366,BKV_LLMWEAVTV.png
367,A0201-NLWQDLPEI.png
368,ARHG3_HUMAN_KLWSETFDV.png
369,RSV_KMLKEMGEV.png
370,BKPyV_AITEVECFL.png
371,JCV_SITEVECFL.png
372,HHV1_FLWEDQTLL.png
373,A0201-SLAEDVLTV.png
374,DENV2_TITEEIAVQ.png
375,A0201-AFDEAIAEL.png
376,A0201-VLFDDELLM.png
377,LBR_HUMAN_ALWNEEALL.png
378,HHV1_FLGDDPSPA.png
379,A0201-SLLDEVLNV.png
380,A0201-SLEETLHTV.png
381,HHV5_VLEETSVML.png
382,DENV3_TTWEDVPYL.png
383,HHV1_ALLEDPVGT.png
384,ZY11B_HUMAN_SLLDDLHSA.png
385,A0201-KLQDEAYQV.png
386,A0201-RQIDDILSV.png
387,A0201-KMDENQFVA.png
388,CCT7_HUMAN_SLHDAIMIV.png
389,A0201-ALADVATVL.png
390,A0201-GLLDQNPHL.png
391,A0201-AVFDNLIQL.png
392,A0201-SLIDQFFGV.png
393,A0201-SLSDLLVSL.png
394,A0201-GLLEEAYTL.png
395,GBB2_HUMAN_DIETGQQTV.png
396,HHV4_WQWEHIPPA.png
397,PRPF19_HUMAN_AADDSSVKL.png
398,VACV_KVDDTFYYV.png
399,A0201-SLDGAPIGV.png
400,A0201-VGDGYVVHL.png
401,IAV_GIEGFVFTL.png
402,HPV-a7_KLPDLCTEL.png
403,VACV_KIDYYIPYV.png
404,HHV8_LMWYELSKI.png
405,GBP5_HUMAN_SLLSELQHA.png
406,A0201-HLWAELVFL.png
407,A0201-SLLSELLGV.png
408,HHV2_RMLGDVMAV.png
409,IAV_FMYSDFHFI.png
410,A0201-TLAGDVHIV.png
411,HBV_FLPSDFFPS.png
412,HPV-a9_FAFRDLCIV.png
413,A0201-FLLPDVIRI.png
414,A0201-TQFADMISL.png
415,HPV6_LQPPDPVGL.png
416,IF172_HUMAN_GLWEEAYRV.png
417,VACV_ILDDNLYKV.png
418,HHV4_YLLEMLWRL.png
419,A0201-FLDDLGLKF.png
420,APOA1_HUMAN_ALEDLRQGL.png
421,HHV8_DGGDGNKTL.png
422,BRAT1_HUMAN_SLWETVARA.png
423,A0201-AEADLRALL.png
424,A0201-ILADATAKM.png
425,HHV1_FLADAVVRL.png
426,A0201-FALDSGLEI.png
427,HPV_YMLDLQPET.png
428,A0201-ALDSTNVEL.png
429,A0201-RLHDVLMEL.png
430,HCV_ILDSFDPLV.png
431,MuV_ALDQTDIRV.png
432,A0201-WLQDQIQTV.png
433,A0201-YLSDNHILI.png
434,APOB_HUMAN_FLEETKATV.png
435,A0201-FIVDPVSNL.png
436,A0201-HLIEPLANA.png
437,A0201-KMDESKHEI.png
438,A0201-HLGEYQAAV.png
439,CLTC_HUMAN_FVHDLVLYL.png
440,TLN1_HUMAN_ALNELLQHV.png
441,HHV4_YVLDHLIVV.png
442,HCV_GLQDCTMLV.png
443,HHV2_GLADTVVAC.png
444,HHV8_WATESPIYV.png
445,A0201-GMHETVLTV.png
446,A0201-LLWEAVSQL.png
447,RAN_HUMAN_ALPDEDDDL.png
448,A0201-RLAELEEFI.png
449,GRHPR_HUMAN_RLPEAIEEV.png
450,B19_LLHTDFEQV.png
451,A0201-LLLDELVAL.png
452,HHV5_YILEETSVM.png
453,HHV5_YVLEETSVM.png
454,A0201-ISDEVAERL.png
455,A0201-ALAEITEMV.png
456,HPV_MLDLQPETT.png
457,APOA1_HUMAN_KLLDNWDSV.png
458,A0201-KLLDLLEGL.png
459,A0201-KLMDQLEAL.png
460,TBA1A_HUMAN_ALEKDYEEV.png
461,HBV_CLFKDWEEL.png
462,HHV5_RIFAELEGV.png
463,MYH11_HUMAN_RLQQELDDL.png
464,DHC24_HUMAN_PVLPELDDL.png
465,FA98A_HUMAN_YLISELEAA.png
466,GALC_HUMAN_TLSLHEDEL.png
467,A0201-HIVVHADEL.png
468,A0201-LLSSIVEEL.png
469,KHDR1_HUMAN_LMAHAMEEV.png
470,A0201-KLVNMLDAV.png
471,HHV1_RLLGFADTV.png
472,HHV4_KLGPGEEQV.png
473,A0201-FLASILEEL.png
474,HTLV-1_GLLSLEEEL.png
475,A0201-ATMERLEKV.png
476,A0201-EQMERLEAL.png
477,A0201-SLQDHIEKI.png
478,CPXM1_HUMAN_ALLTYLEQV.png
479,A0201-SLYPGTETM.png
480,HHV6B_SLMSGVEPL.png
481,A0201-KLTVVLEAV.png
482,APOA1_HUMAN_GLLPVLESF.png
483,RS7_HUMAN_TLTAVHDAI.png
484,A0201-KLASMLETL.png
485,A0201-NVAQIIELV.png
486,A0201-AAISQVDRL.png
487,A0201-ALSNILERV.png
