filename,cluster_label,order_index
A0201-AAEKGVRTL.png,1,22
A0201-AAISQVDRL.png,6,486
A0201-AEADLRALL.png,4,423
A0201-AEGDLVRLL.png,2,92
A0201-AFDEAIAEL.png,4,375
A0201-AIIWFLYKK.png,2,99
A0201-AITEKLERV.png,2,51
A0201-ALADVATVL.png,4,389
A0201-ALAEITEMV.png,5,455
A0201-ALAQAIREA.png,3,346
A0201-ALASHLIEA.png,3,194
A0201-ALDSTNVEL.png,4,428
A0201-ALFPERITV.png,4,363
A0201-ALGEFIKAL.png,2,106
A0201-ALIAASQSF.png,3,332
A0201-ALLDQTKTL.png,2,86
A0201-ALSNILERV.png,6,487
A0201-AMLDLLKSV.png,2,87
A0201-AMQSRLATL.png,1,28
A0201-ATMERLEKV.png,6,475
A0201-AVAEQIPLL.png,3,150
A0201-AVDQARVFL.png,3,131
A0201-AVFDNLIQL.png,4,391
A0201-DDFERISEL.png,2,96
A0201-DLKAKSASI.png,1,39
A0201-DLKGHLASL.png,1,41
A0201-DLLRPDVVL.png,3,338
A0201-DTAPILILI.png,3,317
A0201-DTFVHIWKL.png,2,71
A0201-DTSAVLAEI.png,3,190
A0201-DVTGTIAQV.png,3,318
A0201-ELLKRLIAL.png,1,35
A0201-EMKKKLKAL.png,1,1
A0201-EMKKMISEV.png,3,354
A0201-EQMERLEAL.png,6,476
A0201-ETIRLEATL.png,3,339
A0201-ETLPKIPYV.png,1,42
A0201-FALDSGLEI.png,4,426
A0201-FALQHFTRL.png,3,225
A0201-FALTRGSSL.png,1,29
A0201-FAMPYFIQV.png,3,294
A0201-FAVEYFTRL.png,2,79
A0201-FAVLPNSSL.png,3,129
A0201-FIMGKTIEF.png,2,60
A0201-FIVDPVSNL.png,4,435
A0201-FLASILEEL.png,6,473
A0201-FLDDLGLKF.png,4,419
A0201-FLLPDVIRI.png,4,413
A0201-GIISRLMSV.png,1,27
A0201-GLAGAVSEL.png,3,187
A0201-GLFAPVHKV.png,2,101
A0201-GLLDQNPHL.png,4,390
A0201-GLLEEAYTL.png,4,394
A0201-GLQDKLAQI.png,2,88
A0201-GMHETVLTV.png,4,445
A0201-GMIDLIAAV.png,3,145
A0201-GMVDSITQA.png,3,152
A0201-GQYFGELAL.png,3,340
A0201-GRIGYIYAL.png,3,273
A0201-HIKHRVQEL.png,1,17
A0201-HIVVHADEL.png,6,467
A0201-HLDATKLLL.png,2,76
A0201-HLGEYQAAV.png,4,438
A0201-HLIEPLANA.png,4,436
A0201-HLNEHLYNM.png,3,153
A0201-HLWAELVFL.png,4,406
A0201-IFDGNVAHI.png,3,207
A0201-ILADATAKM.png,4,424
A0201-ILPVPAFNV.png,3,167
A0201-ILQPIHNLL.png,3,171
A0201-ISDEVAERL.png,5,454
A0201-ISEQTLLEL.png,3,199
A0201-KISESLRTV.png,2,49
A0201-KIYEGAYHV.png,3,139
A0201-KLARSLKTY.png,1,4
A0201-KLASMLETL.png,6,484
A0201-KLLDLLEGL.png,5,458
A0201-KLLEKSRKV.png,1,7
A0201-KLLEVQPQV.png,3,151
A0201-KLLGGQTSY.png,3,269
A0201-KLLQNNYGL.png,3,361
A0201-KLMDQLEAL.png,5,459
A0201-KLNPGIAYV.png,3,245
A0201-KLQDEAYQV.png,4,385
A0201-KLTVVLEAV.png,6,481
A0201-KLVNMLDAV.png,6,470
A0201-KLYQEIISY.png,4,365
A0201-KMDENQFVA.png,4,387
A0201-KMDESKHEI.png,4,437
A0201-KQFEGSTSF.png,3,149
A0201-KSDPSIVRL.png,2,77
A0201-LLDHVLLTL.png,3,200
A0201-LLDQTKTLA.png,3,226
A0201-LLKARLVPA.png,1,2
A0201-LLLDELVAL.png,5,451
A0201-LLLTSTPEA.png,3,188
A0201-LLMVLSPRL.png,2,100
A0201-LLQDRLVSV.png,2,89
A0201-LLSSIVEEL.png,6,468
A0201-LLWEAVSQL.png,4,446
A0201-LMYPYIFHV.png,3,249
A0201-MAARIIAKL.png,1,14
A0201-MAQKRIHAL.png,1,12
A0201-MPNENIPEL.png,3,177
A0201-MQPTHPIRL.png,2,56
A0201-NADGKIISL.png,3,287
A0201-NLWQDLPEI.png,4,367
A0201-NPASKVIAL.png,1,36
A0201-NVAQIIELV.png,6,485
A0201-NVNEIFYDL.png,3,154
A0201-NVTSIMFLV.png,3,214
A0201-QLWNNYFHL.png,3,309
A0201-QMSEIEAKV.png,2,83
A0201-QQAPPVRNL.png,1,25
A0201-QQRQLIAEL.png,3,347
A0201-QRFEGTTSL.png,3,137
A0201-RELETVREL.png,2,97
A0201-RIAGLAVSL.png,3,288
A0201-RLAELEEFI.png,5,448
A0201-RLAPFVYLL.png,3,254
A0201-RLASTLVHL.png,3,357
A0201-RLHDVLMEL.png,4,429
A0201-RLISASLFL.png,3,355
A0201-RLNEKNYEL.png,3,344
A0201-RQIDDILSV.png,4,386
A0201-RQIQLAQKL.png,2,57
A0201-RVMEYINRL.png,2,72
A0201-SAVPPGTSL.png,3,285
A0201-SEAPFLHYL.png,3,204
A0201-SIIDKLVNI.png,2,45
A0201-SIKKLITSM.png,1,15
A0201-SLAEDVLTV.png,4,373
A0201-SLASQPTEL.png,3,195
A0201-SLDGAPIGV.png,4,399
A0201-SLEETLHTV.png,4,380
A0201-SLIDQFFGV.png,4,392
A0201-SLLDEVLNV.png,4,379
A0201-SLLHTIYEV.png,3,183
A0201-SLLKTVKAV.png,1,3
A0201-SLLSELLGV.png,4,407
A0201-SLMHTIYEV.png,3,184
A0201-SLMKDFPGA.png,3,350
A0201-SLQDHIEKI.png,6,477
A0201-SLSDLLVSL.png,4,393
A0201-SLYPGTETM.png,6,479
A0201-SMMALLVQL.png,3,258
A0201-STSNTVSKL.png,2,58
A0201-SVAGINYGL.png,3,289
A0201-SVLGRIWKL.png,2,64
A0201-TGLQKVQSL.png,1,37
A0201-TLAESALQL.png,3,157
A0201-TLAGDVHIV.png,4,410
A0201-TLLDKLVNM.png,2,44
A0201-TLMNHQNQL.png,3,135
A0201-TLNSAAVTV.png,3,320
A0201-TMAQKTQAV.png,1,32
A0201-TQFADMISL.png,4,414
A0201-VAISSSTTL.png,3,319
A0201-VGDGYVVHL.png,4,400
A0201-VIQEHQPSV.png,3,140
A0201-VLFDDELLM.png,4,376
A0201-VLFTGVKEV.png,3,345
A0201-VLIKWFPEV.png,3,352
A0201-VLQELNVTV.png,3,160
A0201-VLYEKDIQL.png,2,94
A0201-VRYEGSYAL.png,3,138
A0201-WLQDQIQTV.png,4,432
A0201-WMLEQLRQV.png,2,113
A0201-YAFAHILTV.png,3,242
A0201-YIKVRPAEL.png,1,20
A0201-YLEFKPLLL.png,3,164
A0201-YLSDNHILI.png,4,433
A0201-YTLINHRVL.png,2,107
A0201-YVFSKTYNV.png,1,38
AAV2_LIDQYLYYL.png,3,198
ACE_HUMAN_LLPPQPALA.png,3,281
ACTA_ALAPSTMKI.png,2,65
AP3M2_HUMAN_SLGRFEITV.png,3,165
APOA1_HUMAN_ALEDLRQGL.png,4,420
APOA1_HUMAN_GLLPVLESF.png,6,482
APOA1_HUMAN_KLLDNWDSV.png,5,457
APOB_HUMAN_FLEETKATV.png,4,434
ARHG3_HUMAN_KLWSETFDV.png,4,368
B19V_GLCPHCINV.png,3,260
B19_LLHTDFEQV.png,5,450
B4GA1_HUMAN_EVFDKLARV.png,2,111
BGLR_HUMAN_GLVNYQISV.png,3,136
BKPyV_AITEVECFL.png,4,370
BKPyV_FLHCIVFNV.png,3,221
BKPyV_VKNPYPISF.png,3,228
BKV_LLLIWFRPV.png,1,23
BKV_LLMWEAVTV.png,4,366
BPIFA1_HUMAN_GLLGKVTSV.png,1,40
BRAT1_HUMAN_SLWETVARA.png,4,422
CCT7_HUMAN_SLHDAIMIV.png,4,388
CLTC_HUMAN_FVHDLVLYL.png,4,439
COPG_HUMAN_AIVDKVPSV.png,2,47
CPXM1_HUMAN_ALLTYLEQV.png,6,478
CRIS3_HUMAN_ALLTTQTQV.png,3,322
DDX1_HUMAN_WLLPTDIQA.png,3,341
DENV1_VLNPYMPSV.png,3,304
DENV2_KLAEAIFKL.png,2,70
DENV2_NIQTAINQV.png,3,231
DENV2_TITEEIAVQ.png,4,374
DENV3_TTWEDVPYL.png,4,382
DHC24_HUMAN_PVLPELDDL.png,6,464
DOCK1_HUMAN_FLDQANFEL.png,3,197
EV-B_EVKEKHEFL.png,2,52
FA98A_HUMAN_YLISELEAA.png,6,465
FKBP3_HUMAN_KLLGNIKNV.png,2,105
FUCO2_HUMAN_LLPPPPCPA.png,3,279
GALC_HUMAN_TLSLHEDEL.png,6,466
GBB2_HUMAN_DIETGQQTV.png,4,395
GBP5_HUMAN_SLLSELQHA.png,4,405
GP1BB_HUMAN_LLAPPSRPA.png,1,26
GPIX_HUMAN_FLLWATAEA.png,3,181
GRHPR_HUMAN_RLPEAIEEV.png,5,449
GSN_YLSSHIANV.png,3,253
H2A1_HUMAN_VLLPKKTES.png,1,34
H4_HUMAN_FLENVIRDA.png,2,98
HANTV_FVVPILLKA.png,2,66
HAdV-A_ILHTNMPNV.png,3,251
HAdVC_TLLYVLFEV.png,3,182
HBA1_HUMAN_FLASVSTVL.png,3,246
HBV_CLFKDWEEL.png,6,461
HBV_ELMTLATWV.png,3,141
HBV_FLLSLGIHL.png,3,280
HBV_FLLTKILTI.png,2,61
HBV_FLLTRILTI.png,1,30
HBV_FLPSDFFPS.png,4,411
HBV_GLLGFAAPF.png,3,223
HBV_GLPRYVARL.png,1,16
HBV_GLSPTVWLS.png,3,329
HBV_GLSRYVARL.png,3,359
HBV_HLSLRGLFV.png,1,18
HBV_HLYSHPIIL.png,3,256
HBV_ILSPFLPLL.png,3,295
HBV_IVSPFIPLL.png,3,252
HBV_RVTGGVFLV.png,3,274
HBV_VLCLRPVGA.png,1,31
HBV_VLHKRTLGL.png,1,5
HBV_WLSLLVPFV.png,3,130
HCV_CINGVCWSV.png,3,325
HCV_CINGVCWTA.png,3,324
HCV_CINGVCWTV.png,3,326
HCV_CINGVWCTV.png,3,271
HCV_CISGVCWTV.png,3,330
HCV_CVNGVCWTV.png,3,327
HCV_DLMGYIPAV.png,3,305
HCV_DLMGYIPLV.png,3,312
HCV_GLQDCTMLV.png,4,442
HCV_ILAGYGAGV.png,3,303
HCV_ILDSFDPLV.png,4,430
HCV_LLCPAGHAV.png,3,286
HCV_LYPSLIFDI.png,3,179
HCV_SLMAFTAAV.png,3,310
HCV_VLSDFKTWL.png,2,73
HCV_YIVRWEWVV.png,3,209
HEV_LLWNTVWNM.png,3,132
HEV_SLFWNEPAI.png,3,337
HHV1_ALHTALATV.png,3,265
HHV1_ALLEDPVGT.png,4,383
HHV1_ALLGLTLGV.png,3,272
HHV1_ALMGAVTSL.png,3,321
HHV1_ALMLRLLRI.png,1,11
HHV1_FIPQYLSAV.png,3,175
HHV1_FLADAVVRL.png,4,425
HHV1_FLGAGALAV.png,3,244
HHV1_FLGDDPSPA.png,4,378
HHV1_FLGGHVAVA.png,3,292
HHV1_FLIAYQPLL.png,3,293
HHV1_FLTCTDRSV.png,3,348
HHV1_FLWEDQTLL.png,4,372
HHV1_GIFEDRAPV.png,2,84
HHV1_ILIEGIFFA.png,3,155
HHV1_MMLRDRWSL.png,3,351
HHV1_NLLTTPKFT.png,1,24
HHV1_RLLGFADTV.png,6,471
HHV1_RLNELLAYV.png,3,162
HHV1_RLTGYPAGI.png,3,224
HHV1_SLPITVYYA.png,3,168
HHV1_SQLAHLVYV.png,3,261
HHV1_TLRGLFFSV.png,1,9
HHV1_TMYYKDVTV.png,3,349
HHV1_VLLNAPSEA.png,3,192
HHV1_YLANGGFLI.png,3,220
HHV2_GLADTVVAC.png,4,443
HHV2_RMLGDVMAV.png,4,408
HHV3_ILIEGIFFV.png,3,158
HHV4_CLGGLLTMV.png,3,301
HHV4_FLDKGTYTL.png,3,210
HHV4_FLGERVTLT.png,2,50
HHV4_FLYALALLL.png,3,243
HHV4_FMVFLQTHI.png,3,229
HHV4_GLCTLVAML.png,3,311
HHV4_KLGPGEEQV.png,6,472
HHV4_LLIEGIFFI.png,3,161
HHV4_LLWAARPRL.png,2,102
HHV4_LLWTLVVLL.png,3,233
HHV4_LMIIPLINV.png,3,235
HHV4_RFIAQLLLL.png,3,238
HHV4_SLGGLLTMV.png,3,282
HHV4_SLVIVTTFV.png,3,234
HHV4_SVRDRLARL.png,1,6
HHV4_TLDYKPLSV.png,2,59
HHV4_TVCGGIMFL.png,3,302
HHV4_WQWEHIPPA.png,4,396
HHV4_YLLEMLWRL.png,4,418
HHV4_YLQQNWWTL.png,3,222
HHV4_YVLDHLIVV.png,4,441
HHV5_ALFFFDIDL.png,3,342
HHV5_GVLDAVWRV.png,2,81
HHV5_LMNGQQIFL.png,3,335
HHV5_LQTGIHVRV.png,3,283
HHV5_MLNIPSINV.png,3,236
HHV5_NLVPMVATV.png,3,296
HHV5_QMWQARLTV.png,2,68
HHV5_RIFAELEGV.png,6,462
HHV5_RQYDPVAAL.png,3,143
HHV5_TLIVNLVEV.png,3,193
HHV5_TMYGGISLL.png,3,298
HHV5_VLEETSVML.png,4,381
HHV5_VLGPISGHV.png,3,297
HHV5_YILEETSVM.png,5,452
HHV5_YVLEETSVM.png,5,453
HHV6B_GILDFGVKL.png,2,110
HHV6B_ILYGPLTRI.png,2,67
HHV6B_LLCGNLLIL.png,3,241
HHV6B_MLWYTVYNI.png,3,219
HHV6B_SLMSGVEPL.png,6,480
HHV8_ALISAFSGS.png,3,306
HHV8_AMLVLLAEI.png,3,185
HHV8_DGGDGNKTL.png,4,421
HHV8_LLNGWRWRL.png,3,267
HHV8_LMWYELSKI.png,4,404
HHV8_PESSQRPPL.png,3,290
HHV8_RLAAGSPSS.png,3,356
HHV8_WATESPIYV.png,4,444
HIF1A_HUMAN_ELNPKILAL.png,1,21
HIV-1_ILKEPVHGV.png,2,53
HIV-1_KLTPLCVTL.png,3,247
HIV-1_SLFNTIATL.png,3,125
HIV-1_SLFNTIAVL.png,3,118
HIV-1_SLFNTVATL.png,3,127
HIV-1_SLFNTVAVL.png,3,266
HIV-1_SLYLTVATL.png,3,119
HIV-1_SLYNSVATL.png,3,120
HIV-1_SLYNTAATL.png,3,121
HIV-1_SLYNTIATL.png,3,122
HIV-1_SLYNTIAVL.png,3,128
HIV-1_SLYNTVAAL.png,3,115
HIV-1_SLYNTVATL.png,3,123
HIV-1_SLYNTVAVL.png,3,124
HIV-1_SLYNTVSTL.png,3,307
HIV-1_SLYNTVVTL.png,3,308
HIV-1_SLYQTVATL.png,3,117
HIV-1_SVYNTVATL.png,3,116
HKU1_KLWQYCSVL.png,3,227
HPV-10_DLLLGTLNI.png,3,142
HPV-a7_KLPDLCTEL.png,4,402
HPV-a9_FAFRDLCIV.png,4,412
HPV-a9_GTLGIVCPI.png,3,299
HPV16_KLPQLCTEL.png,3,173
HPV16_KLPQLCTEV.png,3,174
HPV16_LLMGTLGIV.png,3,328
HPV18_FQQLFLNTL.png,3,262
HPV18_NLLIRCLRC.png,1,8
HPV18_TLQDVSLEV.png,3,178
HPV6_KVLIRCYLC.png,1,13
HPV6_LLLGTLNIV.png,3,239
HPV6_LQPPDPVGL.png,4,415
HPV6_PLTQHYQIL.png,3,212
HPV6_TLKDIVLDL.png,2,74
HPV9_TLHEYMLDL.png,3,202
HPV_MLDLQPETT.png,5,456
HPV_YIIFVYIPL.png,3,263
HPV_YMLDLQPET.png,4,427
HRVA_LLNYILKSV.png,2,103
HRVA_QMVSSVTFI.png,3,331
HRVA_TLLANVTAV.png,3,300
HRVA_VLEKGIPTL.png,3,166
HRV_NLIYRNLHL.png,1,19
HTLV-1_GLLSLEEEL.png,6,474
HTLV-1_LLFGFPVYV.png,3,315
HTLV-1_LLFGYPRYV.png,2,108
HTLV2_LLYGYPVYV.png,3,314
HTNV_ILQDMRNTI.png,2,48
IAV_AIMDKNIIL.png,2,46
IAV_AIMDKNIML.png,2,90
IAV_AIMEKNIVL.png,2,43
IAV_CVNGSCFTV.png,3,276
IAV_FMYSDFHFI.png,4,409
IAV_GIEGFVFTL.png,4,401
IAV_GILEFVFTL.png,3,146
IAV_GILGFVFTL.png,3,334
IAV_GILGFVTTL.png,3,270
IAV_GILGLVFTL.png,3,277
IAV_GIWGFVFTL.png,3,275
IAV_MTIIFLILM.png,3,176
IAV_NMLSTVLGV.png,3,170
IAV_YINTALLNA.png,3,237
IBV_GLDNHTILL.png,3,206
IBV_SQFGQEHRL.png,3,211
IF172_HUMAN_GLWEEAYRV.png,4,416
INSR_HUMAN_AIFVKTLVT.png,2,69
JCV_SITEVECFL.png,4,371
JCV_SLMNVHSNG.png,3,126
KHDR1_HUMAN_LMAHAMEEV.png,6,469
LARP1_HUMAN_ALPPVLTTV.png,3,323
LBR_HUMAN_ALWNEEALL.png,4,377
MAP1B_HUMAN_EVAPVSPEV.png,3,191
MCPyV_KLLEIAPNC.png,3,144
MED23_HUMAN_QLWALTFKL.png,2,63
MYH11_HUMAN_RLQQELDDL.png,6,463
MeV_KLWCRHFCV.png,1,10
MuV_ALDQTDIRV.png,4,431
MuV_LLDSSTTRV.png,2,78
NOP56_HUMAN_VIAEILRGV.png,2,93
ORML2_HUMAN_ILVGLLHMV.png,3,278
PHLP2_HUMAN_ILLSGIYNV.png,3,215
PLEKHG3_HUMAN_FLFDKTLLI.png,2,112
PRPF19_HUMAN_AADDSSVKL.png,4,397
PTLV1_LLFGYPVYV.png,3,316
PTLV_QLGAFLTNV.png,3,255
PYGM_HUMAN_YMGRTLQNT.png,3,362
RAN_HUMAN_ALPDEDDDL.png,5,447
RGS5_HUMAN_GLASFKSFL.png,3,360
RPL19_HUMAN_ILMEHIHKL.png,2,82
RPN1_HUMAN_VLMLQEPLL.png,3,205
RS7_HUMAN_TLTAVHDAI.png,6,483
RSV_ILNNPKASL.png,2,104
RSV_KMLKEMGEV.png,4,369
RVC_NTSAGFPYV.png,3,333
RVF_ILDAHSLYL.png,3,208
RVF_VLSEWLPVT.png,3,147
SARS-CoV-2_FLHVTYVPA.png,3,230
SARS-CoV-2_FVFLVLLPL.png,3,232
SARS-CoV-2_GINASVVNI.png,3,336
SARS-CoV-2_KQIYKTPPI.png,1,33
SARS-CoV-2_LLALHRSYL.png,2,54
SARS-CoV-2_RLDKVEAEV.png,3,343
SARS-CoV-2_RLQSLQTYV.png,3,358
SARS-CoV-2_RVVVLSFEL.png,3,196
SARS-CoV-2_SIIAYTMSL.png,3,250
SARS-CoV-2_SLSSTASAL.png,3,284
SARS-CoV-2_VTWFHAIHV.png,3,216
SARS-CoV-2_YLQPRTFLL.png,2,62
SARS-CoV-2_YTNSFTRGV.png,2,109
SCND1_HUMAN_QLLAILPEA.png,3,189
SEPTIN6_HUMAN_FIAPTGHSL.png,3,248
STAT1_HUMAN_VLWDRTFSL.png,2,114
SYNPO2_HUMAN_FLAPVKTEV.png,3,353
SuHV-1_IAGIGILAI.png,3,169
TBA1A_HUMAN_ALEKDYEEV.png,6,460
TLN1_HUMAN_ALNELLQHV.png,4,440
TMM9B_HUMAN_LLLAQLSDA.png,3,180
TRPS1_HUMAN_ALLLLHLSP.png,3,172
TVB61_HUMAN_LLWASPVNA.png,3,257
UBA6_HUMAN_ALLNILSEV.png,3,186
UBE4A_HUMAN_ALTEYTLYL.png,3,159
VACV_ALDEKLFLI.png,2,95
VACV_CLTEYILWV.png,3,148
VACV_FLTSVINRV.png,3,291
VACV_GLNDYLHSV.png,3,203
VACV_ILDDNLYKV.png,4,417
VACV_IVIEAIHTV.png,3,156
VACV_KIDYYIPYV.png,4,403
VACV_KVDDTFYYV.png,4,398
VACV_RVYEALYYV.png,3,163
VACV_SLKDVLVSV.png,2,75
VACV_SLSAYIIRV.png,2,55
VACV_SLSNLDFRL.png,2,80
VACV_TLLDHIRTA.png,2,85
VACV_YIYGIPLSL.png,3,240
VJC_ILMWEAVTL.png,4,364
WNV_SLFGQRIEV.png,3,268
XPO1_HUMAN_VLIDYQRNV.png,2,91
YFV_FLDPASIAA.png,3,201
YFV_GLYGNGILV.png,3,259
YFV_GMVAPLYGV.png,3,213
YFV_LLWNGPIAV.png,3,217
YFV_LLWNGPMAV.png,3,133
YFV_LLWNGPMHV.png,3,218
YFV_LLWNGPMQV.png,3,134
YFV_VLAGWLFHV.png,3,313
YFV_VMLFILAGL.png,3,264
ZY11B_HUMAN_SLLDDLHSA.png,4,384
